Gene,Sample_1,Sample_2,Sample_3,Sample_4,Sample_5,Sample_6,Sample_7,Sample_8,Sample_9,Sample_10
BRCA1,1044,1140,1056,1062,1188,199,196,192,207,189
TP53,125,119,119,123,119,1219,1282,1306,1219,1220
Gene_3,549,519,550,535,513,529,519,535,519,468
Gene_4,376,341,374,350,371,377,379,348,372,363
Gene_5,61,65,55,61,66,55,60,82,81,79
Gene_6,85,67,69,70,56,66,86,90,70,81
Gene_7,19,93,14,24,26,17,24,22,22,30
Gene_8,852,3621,3253,787,838,751,790,814,789,799
Gene_9,379,373,1308,316,365,355,380,364,355,358
Gene_10,539,484,493,2473,1426,511,465,500,490,484
Gene_11,7,9,9,9,11,6,10,9,9,6
Gene_12,1335,1432,1335,1417,1408,1459,1387,1460,1406,1407
Gene_13,702,714,686,724,706,705,674,687,696,705
Gene_14,77,87,467,103,77,104,89,96,95,94
Gene_15,81,82,74,81,73,93,90,72,74,87
Gene_16,76,75,78,93,86,101,79,96,64,76
Gene_17,162,137,154,142,161,143,142,135,129,150
Gene_18,283,305,319,302,1218,316,286,285,309,303
Gene_19,246,197,204,248,245,248,209,243,254,218
Gene_20,153,138,138,147,140,145,140,142,152,143
Gene_21,418,373,374,424,1571,349,374,366,374,375
Gene_22,67,64,54,62,56,58,72,51,56,65
Gene_23,137,148,133,132,152,138,133,122,152,125
Gene_24,505,210,190,185,183,157,182,197,192,174
Gene_25,240,249,244,220,227,246,217,240,225,236
Gene_26,595,628,643,633,638,619,646,636,615,628
Gene_27,85,85,92,104,79,99,95,97,85,73
Gene_28,278,304,314,278,261,283,285,267,305,258
Gene_29,311,363,351,355,347,374,366,332,309,340
Gene_30,17,24,11,20,108,23,27,23,12,24
Gene_31,392,340,379,389,374,361,391,373,355,368
Gene_32,73,57,81,62,62,71,66,81,73,68
Gene_33,38,19,20,18,32,33,33,34,23,18
Gene_34,1201,1260,1209,1230,1149,1174,1144,1185,1185,1164
Gene_35,1425,1343,1362,1416,1299,1357,1287,1359,1388,1347
Gene_36,669,670,659,671,638,670,644,645,685,632
Gene_37,135,142,148,138,156,132,140,135,124,131
Gene_38,35,39,41,33,30,43,29,37,64,38
Gene_39,480,434,422,459,477,459,472,412,483,470
Gene_40,253,216,229,233,247,206,220,242,211,244
Gene_41,50,53,52,59,45,53,60,51,57,52
Gene_42,283,295,1298,288,288,299,252,268,266,291
Gene_43,85,10,12,13,18,14,15,13,16,15
Gene_44,933,978,917,4407,1001,903,946,998,960,982
Gene_45,123,92,118,121,101,129,145,128,132,117
Gene_46,401,403,444,401,444,442,411,439,461,422
Gene_47,141,140,151,137,156,167,141,154,178,151
Gene_48,1515,295,306,302,278,319,298,280,305,302
Gene_49,325,321,342,311,838,302,336,319,323,313
Gene_50,67,72,74,86,74,77,89,90,78,86
Gene_51,1383,1403,1390,1425,1405,1373,1374,1418,1375,1450
Gene_52,613,588,625,599,622,595,636,595,639,595
Gene_53,1065,1124,1164,1080,1119,1109,1057,1136,1089,1138
Gene_54,917,898,926,891,899,896,908,909,872,915
Gene_55,387,346,381,400,364,361,338,372,353,399
Gene_56,1018,1007,1045,979,1028,979,998,1005,1061,1011
Gene_57,44,31,44,34,31,39,32,43,46,36
Gene_58,92,82,101,90,97,91,76,88,83,77
Gene_59,23,20,21,23,27,24,15,17,10,11
Gene_60,172,156,138,146,160,158,153,165,146,147
Gene_61,206,218,213,199,187,214,208,220,207,201
Gene_62,133,137,128,117,117,131,137,141,119,135
Gene_63,715,693,735,695,661,706,735,732,662,751
Gene_64,161,179,184,174,184,180,187,187,177,186
Gene_65,147,136,126,141,123,122,158,131,129,150
Gene_66,332,288,323,317,327,324,303,317,304,315
Gene_67,57,53,51,60,63,63,72,55,59,68
Gene_68,619,668,593,625,673,729,674,676,624,656
Gene_69,122,37,21,37,30,23,33,28,33,29
Gene_70,1748,1727,1702,1719,1679,1737,1742,1778,1798,1748
Gene_71,601,574,622,587,575,618,602,581,614,572
Gene_72,92,71,78,87,76,84,87,85,86,92
Gene_73,1,3,2,1,0,2,2,3,1,2
Gene_74,697,656,669,712,661,652,709,674,729,674
Gene_75,551,466,511,496,496,513,467,517,512,495
Gene_76,531,546,534,536,505,498,486,509,548,463
Gene_77,554,574,624,629,601,598,548,572,561,539
Gene_78,34,31,25,25,25,38,45,19,30,23
Gene_79,170,182,177,195,181,138,179,180,149,172
Gene_80,165,40,55,42,49,57,40,36,45,71
Gene_81,783,773,782,793,787,866,830,798,800,791
Gene_82,406,384,405,375,385,373,412,373,407,398
Gene_83,171,152,154,158,159,162,159,172,135,154
Gene_84,26,26,36,26,19,24,28,31,23,29
Gene_85,156,137,157,161,141,150,140,131,148,150
Gene_86,155,140,172,166,155,150,174,157,138,162
Gene_87,498,543,2146,578,537,518,503,509,491,524
Gene_88,417,1162,428,434,408,413,442,429,411,409
Gene_89,823,869,869,893,836,861,885,863,910,853
Gene_90,263,260,1008,239,927,276,239,245,249,238
Gene_91,67,50,46,40,51,54,51,53,60,67
Gene_92,495,517,518,508,487,477,522,471,484,555
Gene_93,567,546,569,583,1953,538,511,561,619,525
Gene_94,324,340,367,332,342,347,339,322,343,350
Gene_95,625,551,554,639,613,564,540,572,596,546
Gene_96,257,281,272,327,278,291,264,285,320,255
Gene_97,303,259,297,285,311,315,302,288,254,284
Gene_98,242,235,231,231,229,225,241,229,227,220
Gene_99,19,56,7,10,30,9,15,11,12,13
Gene_100,54,36,53,50,193,51,43,42,59,53
Gene_101,16,9,14,11,41,15,23,12,26,11
Gene_102,1239,411,392,383,414,372,407,405,420,434
Gene_103,172,154,145,146,142,143,162,151,174,153
Gene_104,300,276,273,297,293,287,291,277,258,275
Gene_105,910,947,904,940,924,947,922,913,976,952
Gene_106,121,119,118,124,123,116,117,140,111,114
Gene_107,197,204,202,199,202,215,218,228,230,228
Gene_108,517,563,563,537,567,627,559,561,544,571
Gene_109,97,111,111,95,107,96,121,102,95,105
Gene_110,29,38,36,31,47,21,27,27,39,29
Gene_111,133,145,144,135,128,149,138,127,148,146
Gene_112,73,71,170,68,73,76,74,86,66,68
Gene_113,1081,1109,1096,1067,1063,1096,1046,1036,1092,1059
Gene_114,683,657,656,630,705,645,694,652,649,675
Gene_115,400,408,421,381,426,408,393,402,413,425
Gene_116,785,762,797,807,854,835,805,853,868,814
Gene_117,660,656,636,592,657,678,637,705,655,617
Gene_118,84,70,91,88,82,105,76,102,80,77
Gene_119,877,880,942,920,921,874,902,918,912,856
Gene_120,281,322,331,314,342,327,347,294,301,342
Gene_121,584,665,694,658,631,670,673,649,654,690
Gene_122,897,892,914,903,882,917,841,904,901,911
Gene_123,155,725,171,151,155,120,154,147,161,175
Gene_124,53,43,46,40,29,42,32,46,43,57
Gene_125,92,96,108,97,115,107,110,100,110,121
Gene_126,229,215,208,237,217,183,195,210,226,244
Gene_127,624,675,640,748,690,640,676,695,658,645
Gene_128,806,790,776,836,803,777,784,740,796,750
Gene_129,4,3,1,2,2,2,0,3,3,4
Gene_130,311,296,281,278,275,275,262,282,279,294
Gene_131,231,208,219,209,203,196,184,220,220,207
Gene_132,105,116,101,87,117,89,92,106,88,100
Gene_133,56,40,63,48,49,55,56,43,54,52
Gene_134,139,146,148,159,173,158,174,166,152,158
Gene_135,1107,1152,1065,1093,1136,1186,1160,1236,1087,1174
Gene_136,150,151,145,170,151,131,154,166,130,160
Gene_137,308,280,300,265,296,303,287,317,268,271
Gene_138,485,471,485,477,527,472,517,494,476,498
Gene_139,190,162,193,184,182,162,180,162,163,165
Gene_140,1444,1407,1481,1457,1432,1498,1380,1389,1389,1368
Gene_141,1332,1349,1349,1353,1366,1290,1358,1326,1258,1307
Gene_142,115,109,105,118,105,83,123,108,97,110
Gene_143,286,267,286,285,267,314,284,274,273,271
Gene_144,141,131,157,141,132,136,135,134,161,160
Gene_145,130,130,147,119,147,142,117,143,147,150
Gene_146,16,16,13,15,14,12,20,13,15,14
Gene_147,389,339,398,411,1457,390,345,392,406,371
Gene_148,301,262,293,280,1179,248,303,266,253,277
Gene_149,20,25,19,15,22,23,16,16,25,15
Gene_150,134,133,153,444,126,118,124,129,143,137
Gene_151,927,943,936,1000,949,943,978,951,948,951
Gene_152,114,106,129,109,109,111,125,92,111,101
Gene_153,146,58,64,62,69,84,63,61,65,64
Gene_154,295,257,281,259,242,264,287,312,289,283
Gene_155,1655,1704,1669,1747,1696,1738,1650,1698,1760,1653
Gene_156,111,116,115,88,128,117,110,116,132,126
Gene_157,474,476,450,438,452,445,489,446,458,470
Gene_158,574,551,544,596,613,586,574,637,588,595
Gene_159,111,113,111,110,117,102,108,117,101,119
Gene_160,514,473,519,492,494,505,487,535,518,525
Gene_161,173,180,204,188,174,182,186,174,179,207
Gene_162,390,433,413,391,382,356,388,393,396,425
Gene_163,399,402,413,402,393,389,400,424,404,364
Gene_164,1227,340,299,361,280,302,303,327,323,308
Gene_165,102,44,37,43,33,47,31,52,41,36
Gene_166,750,713,679,711,744,691,747,756,728,711
Gene_167,145,172,152,159,151,159,155,132,183,149
Gene_168,88,241,85,77,71,79,81,70,73,73
Gene_169,12,8,11,17,12,22,24,21,21,18
Gene_170,371,365,317,393,323,332,371,366,323,372
Gene_171,451,444,430,416,443,426,448,435,443,464
Gene_172,6,4,7,6,4,2,6,7,14,8
Gene_173,288,288,331,308,296,309,310,312,300,286
Gene_174,306,113,98,114,94,94,105,99,107,110
Gene_175,412,433,418,421,414,398,409,412,422,435
Gene_176,72,84,83,60,77,87,75,62,69,66
Gene_177,415,480,445,441,487,473,465,507,456,472
Gene_178,201,217,178,196,234,227,190,199,204,181
Gene_179,1100,1137,1099,1134,1136,1155,1092,1126,1113,1112
Gene_180,59,61,49,62,60,64,56,56,56,59
Gene_181,151,168,167,166,161,149,178,183,173,185
Gene_182,44,57,50,56,40,49,58,65,60,53
Gene_183,1004,1012,1041,1004,1043,1010,1009,1027,1021,1006
Gene_184,930,795,842,875,824,812,813,827,837,857
Gene_185,125,114,132,103,108,127,105,114,123,116
Gene_186,458,442,422,438,410,444,421,408,451,432
Gene_187,695,659,712,697,699,716,618,660,681,684
Gene_188,362,289,356,315,368,321,308,311,334,337
Gene_189,302,273,315,315,298,293,281,325,281,306
Gene_190,124,125,119,122,117,118,116,124,109,114
Gene_191,43,28,51,40,117,33,49,34,51,36
Gene_192,883,921,891,4220,891,900,896,900,908,918
Gene_193,913,905,903,895,950,956,987,887,966,925
Gene_194,372,452,395,397,405,410,394,407,396,402
Gene_195,182,145,166,186,179,178,156,174,141,167
Gene_196,174,185,168,127,186,146,175,170,155,166
Gene_197,549,527,572,526,495,523,529,556,539,474
Gene_198,894,916,968,893,890,917,900,871,938,861
Gene_199,902,870,837,859,860,822,881,880,843,884
Gene_200,629,653,2591,579,617,621,612,603,666,625
Gene_201,432,409,397,393,419,407,412,388,371,405
Gene_202,36,45,34,33,38,31,40,34,33,46
Gene_203,66,65,66,72,75,70,69,65,77,78
Gene_204,906,925,916,899,929,909,929,980,934,914
Gene_205,367,363,357,372,369,379,384,364,402,383
Gene_206,2,6,5,2,3,3,4,3,4,1
Gene_207,31,37,46,44,46,34,37,47,46,40
Gene_208,446,420,444,415,426,434,455,431,404,469
Gene_209,3,1,5,3,2,2,1,3,2,1
Gene_210,70,69,69,69,215,66,72,71,46,60
Gene_211,310,294,313,331,307,313,314,324,293,327
Gene_212,465,428,493,475,446,515,477,506,451,524
Gene_213,424,421,424,428,449,417,399,424,420,412
Gene_214,110,115,393,97,90,103,84,95,94,74
Gene_215,532,496,492,478,505,471,523,484,501,489
Gene_216,127,121,116,114,92,96,93,97,109,123
Gene_217,182,142,164,162,134,162,172,153,148,148
Gene_218,514,560,529,548,547,569,537,533,549,571
Gene_219,404,408,391,411,446,463,424,453,415,431
Gene_220,741,737,736,773,745,755,756,758,762,706
Gene_221,431,421,429,432,456,428,421,428,443,425
Gene_222,342,335,340,313,340,328,332,335,325,335
Gene_223,35,30,42,36,35,34,43,51,30,44
Gene_224,165,184,180,213,176,194,177,177,186,194
Gene_225,129,135,120,138,118,114,115,130,119,135
Gene_226,113,119,101,107,110,119,129,104,99,113
Gene_227,5575,1470,1456,1464,1459,1467,1437,1371,1473,1396
Gene_228,199,208,211,189,171,208,184,197,214,175
Gene_229,895,867,900,943,920,879,867,839,874,944
Gene_230,407,414,382,436,362,403,410,392,427,374
Gene_231,641,613,627,632,654,644,641,611,651,655
Gene_232,303,308,253,282,282,281,283,275,296,292
Gene_233,327,329,347,342,370,342,354,368,345,311
Gene_234,267,260,1032,283,288,294,274,285,293,311
Gene_235,101,71,107,107,91,90,101,85,95,93
Gene_236,494,529,517,496,541,512,532,566,526,540
Gene_237,124,142,124,142,161,117,118,141,130,148
Gene_238,10,6,12,9,7,4,10,9,14,8
Gene_239,421,433,402,389,416,407,418,402,411,429
Gene_240,70,75,63,188,212,65,88,77,81,76
Gene_241,1137,1105,1145,1195,1077,1142,1068,1120,1069,1095
Gene_242,1251,1274,1224,1254,1252,1183,1225,1232,1241,1230
Gene_243,979,1060,995,934,1032,970,1002,1011,997,1035
Gene_244,167,216,183,199,175,175,202,170,187,176
Gene_245,4,4,4,2,7,6,2,11,13,5
Gene_246,1102,1041,1037,1055,1079,1038,1052,1041,1023,1039
Gene_247,216,234,229,213,242,206,232,227,247,212
Gene_248,1345,1402,1374,1346,1400,1315,1378,1362,1349,1337
Gene_249,1327,1306,1269,1304,1386,1273,1289,1302,1355,1325
Gene_250,793,785,753,3740,829,774,744,770,762,783
Gene_251,141,133,123,124,119,138,147,141,136,126
Gene_252,201,206,162,190,210,196,224,183,195,195
Gene_253,748,797,774,780,792,708,698,799,865,751
Gene_254,158,139,703,172,145,170,149,146,154,139
Gene_255,80,81,70,350,72,77,82,86,67,83
Gene_256,289,322,294,279,318,319,324,318,305,294
Gene_257,1184,1070,1130,1098,1069,1106,1072,1082,1130,1118
Gene_258,489,2457,512,489,476,469,482,498,474,446
Gene_259,339,338,353,325,341,345,379,335,323,331
Gene_260,40,40,50,46,43,29,46,49,46,44
Gene_261,373,393,388,396,391,395,340,402,347,393
Gene_262,1809,1838,1809,1883,9202,1845,1804,1877,1803,1847
Gene_263,74,64,55,55,70,65,56,58,52,84
Gene_264,312,300,285,754,279,306,297,279,294,288
Gene_265,850,831,868,2393,783,820,799,855,868,803
Gene_266,558,520,558,583,558,563,534,528,542,539
Gene_267,501,527,465,495,491,477,513,487,464,441
Gene_268,499,501,2145,501,494,508,498,474,499,493
Gene_269,170,194,170,173,164,177,156,157,175,160
Gene_270,134,146,124,152,144,149,136,129,149,133
Gene_271,714,691,705,659,637,659,693,655,697,667
Gene_272,650,673,669,687,644,618,638,675,640,651
Gene_273,803,805,818,792,799,809,806,817,777,854
Gene_274,979,989,958,983,972,1007,998,970,1004,950
Gene_275,307,284,298,277,298,320,267,303,293,291
Gene_276,310,291,253,791,250,285,308,270,235,261
Gene_277,666,655,590,638,646,630,667,624,667,616
Gene_278,448,441,387,446,449,394,406,428,402,379
Gene_279,506,495,438,476,476,476,433,453,466,469
Gene_280,621,644,664,663,606,612,610,654,632,621
Gene_281,875,899,885,945,845,866,883,876,863,884
Gene_282,172,155,157,171,155,166,169,165,144,176
Gene_283,203,191,179,576,187,175,172,184,194,185
Gene_284,39,41,33,46,33,41,37,43,30,41
Gene_285,361,360,336,336,301,359,327,339,359,366
Gene_286,15,42,14,7,14,20,8,12,14,10
Gene_287,231,249,236,250,244,244,224,244,244,264
Gene_288,279,314,328,333,311,330,285,294,279,302
Gene_289,137,124,111,159,130,131,133,148,127,149
Gene_290,354,323,351,396,353,334,337,327,361,363
Gene_291,12,11,16,14,16,16,11,10,13,19
Gene_292,9,11,19,19,68,17,22,8,16,15
Gene_293,668,667,634,649,689,719,699,688,689,705
Gene_294,184,167,206,170,190,194,175,180,202,175
Gene_295,40,52,43,57,59,47,67,73,60,54
Gene_296,293,313,312,279,297,299,320,276,293,307
Gene_297,568,553,586,556,614,586,571,544,602,600
Gene_298,84,100,95,108,102,101,112,97,108,84
Gene_299,360,374,402,389,395,377,361,427,381,384
Gene_300,24,32,38,30,42,34,37,32,39,34
Gene_301,23,27,19,23,23,12,17,15,19,18
Gene_302,309,293,310,330,293,298,297,312,288,277
Gene_303,307,294,333,326,331,270,296,329,294,288
Gene_304,434,378,402,381,413,417,380,399,406,380
Gene_305,496,518,563,529,520,495,532,525,528,549
Gene_306,1480,1498,1529,1532,1404,1524,1500,1439,1475,1558
Gene_307,303,281,277,287,287,276,295,275,293,310
Gene_308,155,145,164,153,167,161,143,171,151,155
Gene_309,616,593,622,586,554,634,591,614,652,621
Gene_310,112,133,128,123,130,152,128,113,154,143
Gene_311,217,237,1024,220,228,219,212,217,206,229
Gene_312,32,34,46,38,38,25,30,31,31,40
Gene_313,11,10,15,6,7,5,14,7,6,4
Gene_314,1357,1339,1318,1278,1328,1327,1275,1315,1426,1346
Gene_315,722,748,755,725,732,698,772,729,711,708
Gene_316,465,466,459,474,479,468,436,487,502,434
Gene_317,209,208,198,198,188,211,193,201,224,199
Gene_318,73,59,65,67,83,75,83,74,72,75
Gene_319,63,70,82,60,80,75,75,70,62,83
Gene_320,113,119,123,114,110,127,113,121,120,123
Gene_321,339,327,305,311,316,320,328,356,296,302
Gene_322,536,1585,520,505,491,504,479,500,492,512
Gene_323,440,431,488,463,1508,460,389,423,408,417
Gene_324,148,127,120,148,144,143,132,125,145,123
Gene_325,1251,1242,1258,1215,1229,1294,1279,1248,1276,1227
Gene_326,537,543,556,543,535,485,501,540,544,514
Gene_327,336,325,322,982,304,299,338,329,328,308
Gene_328,389,389,393,388,371,375,386,397,348,369
Gene_329,193,218,233,246,197,220,205,220,222,214
Gene_330,94,91,98,101,123,126,110,117,111,139
Gene_331,926,170,191,178,170,185,163,187,184,180
Gene_332,553,559,569,537,605,598,603,601,566,546
Gene_333,4,11,7,7,6,8,5,4,7,6
Gene_334,53,39,59,193,44,46,46,40,50,44
Gene_335,16,20,17,103,11,14,19,13,17,17
Gene_336,14,12,17,16,9,12,12,18,12,16
Gene_337,784,3620,735,781,748,752,787,787,758,795
Gene_338,466,513,506,490,515,484,473,434,516,492
Gene_339,262,250,244,217,243,261,236,276,259,263
Gene_340,44,141,35,40,45,39,45,44,36,37
Gene_341,286,283,246,279,284,270,276,274,246,288
Gene_342,260,235,256,253,249,262,224,255,275,264
Gene_343,85,70,64,77,56,69,76,82,86,71
Gene_344,208,239,231,263,249,232,218,242,235,250
Gene_345,229,214,642,212,230,229,224,197,193,214
Gene_346,375,369,421,354,420,369,391,398,391,412
Gene_347,400,383,410,401,373,449,423,388,406,394
Gene_348,27,19,14,20,17,18,14,25,26,17
Gene_349,169,167,194,182,187,186,163,196,183,169
Gene_350,421,1140,368,399,442,383,366,366,428,403
Gene_351,269,245,1500,266,302,258,272,261,297,287
Gene_352,811,794,778,836,776,732,782,801,769,725
Gene_353,465,461,420,427,424,455,434,445,449,399
Gene_354,78,60,76,81,80,73,83,60,87,62
Gene_355,34,33,25,35,18,25,26,24,34,37
Gene_356,390,401,427,440,429,387,353,403,360,421
Gene_357,3,10,13,7,12,15,8,13,6,10
Gene_358,328,329,363,342,377,315,340,357,356,360
Gene_359,1161,4608,1190,1168,1110,1105,1110,1148,1118,1038
Gene_360,343,358,338,337,324,320,325,360,309,336
Gene_361,206,197,194,192,193,171,188,184,213,199
Gene_362,418,428,410,404,414,362,416,392,416,398
Gene_363,236,225,273,279,248,270,280,248,234,255
Gene_364,325,341,328,297,305,337,321,336,320,317
Gene_365,4139,1114,1086,1125,1162,1177,1150,1138,1098,1104
Gene_366,179,187,221,186,185,214,201,196,189,211
Gene_367,1245,1207,1259,3847,1299,1329,1310,1292,1311,1249
Gene_368,4499,954,929,899,957,947,986,941,949,941
Gene_369,89,82,95,94,93,91,89,106,85,82
Gene_370,136,26,99,33,28,27,21,34,20,27
Gene_371,40,38,33,48,41,51,41,38,44,49
Gene_372,3,10,4,12,12,11,14,11,9,3
Gene_373,44,46,36,39,34,27,36,53,37,31
Gene_374,513,455,474,439,406,488,493,497,471,477
Gene_375,27,33,33,104,28,42,31,29,23,23
Gene_376,146,180,160,161,141,152,159,146,157,180
Gene_377,741,704,737,744,701,747,699,753,799,761
Gene_378,7,14,7,8,12,9,8,13,6,11
Gene_379,698,704,661,695,695,703,689,687,661,685
Gene_380,135,125,132,126,142,130,151,115,125,119
Gene_381,53,45,61,42,51,45,45,57,57,46
Gene_382,482,443,466,507,470,450,470,455,503,458
Gene_383,400,368,403,419,407,393,400,412,352,392
Gene_384,855,844,869,811,843,826,837,815,907,822
Gene_385,515,486,555,532,514,559,538,529,514,517
Gene_386,651,628,618,616,673,624,646,636,664,621
Gene_387,109,545,138,112,149,130,109,132,140,133
Gene_388,86,92,53,76,75,85,80,63,65,77
Gene_389,577,558,563,598,553,545,535,559,540,566
Gene_390,653,672,636,2410,645,674,661,672,619,649
Gene_391,1841,1850,1892,1889,1882,1904,1852,1850,1865,1819
Gene_392,189,206,227,243,233,226,207,211,203,206
Gene_393,190,196,207,201,172,173,178,191,173,184
Gene_394,609,571,636,562,606,637,569,592,607,650
Gene_395,172,154,164,154,158,176,176,146,164,171
Gene_396,1023,1045,5011,1102,1087,1045,1040,999,1047,1026
Gene_397,814,814,813,782,784,766,816,753,815,790
Gene_398,227,232,774,246,236,223,247,214,211,240
Gene_399,532,2240,554,542,577,547,558,531,610,537
Gene_400,550,534,543,541,594,579,571,562,551,566
Gene_401,39,37,45,43,51,51,49,63,56,45
Gene_402,913,927,960,977,904,958,973,949,939,944
Gene_403,269,279,313,263,275,320,286,282,264,286
Gene_404,735,730,654,695,699,745,686,690,747,701
Gene_405,613,147,129,174,161,136,151,158,154,152
Gene_406,900,893,873,879,938,913,884,881,865,870
Gene_407,179,193,199,202,190,199,200,181,205,205
Gene_408,6,4,5,2,2,5,1,2,5,4
Gene_409,904,942,911,960,948,976,995,956,995,909
Gene_410,27,29,129,46,36,46,48,40,29,45
Gene_411,146,158,150,151,170,143,159,164,140,155
Gene_412,1172,1211,1161,1163,1231,1240,1235,1256,1245,1259
Gene_413,1177,1175,1214,1227,1108,1315,1192,1228,1210,1211
Gene_414,356,335,320,361,356,321,361,297,340,333
Gene_415,417,434,332,393,426,405,392,416,417,396
Gene_416,237,231,259,241,216,226,251,246,257,238
Gene_417,124,129,147,135,126,126,143,141,145,144
Gene_418,156,165,140,156,155,142,155,152,166,155
Gene_419,479,2252,446,445,425,456,424,463,453,432
Gene_420,562,569,584,544,569,529,552,554,540,606
Gene_421,572,634,664,650,613,640,612,652,619,630
Gene_422,605,592,652,627,615,663,590,626,635,632
Gene_423,41,33,42,36,40,35,49,44,35,47
Gene_424,276,266,270,296,273,270,258,275,281,280
Gene_425,21,30,23,21,23,29,30,28,34,14
Gene_426,1255,328,324,339,281,320,305,314,316,368
Gene_427,221,226,232,668,200,235,233,214,219,228
Gene_428,880,823,855,860,858,902,883,890,824,886
Gene_429,154,176,158,177,192,193,176,176,180,181
Gene_430,55,63,46,47,46,47,52,52,61,61
Gene_431,67,69,47,65,49,68,64,51,53,60
Gene_432,533,2431,578,544,555,569,575,596,608,596
Gene_433,384,386,397,409,409,388,369,397,393,382
Gene_434,56,42,42,30,43,36,46,37,44,39
Gene_435,38,36,40,167,27,33,34,24,29,40
Gene_436,2378,479,440,508,494,490,510,469,470,471
Gene_437,31,27,28,23,28,38,33,35,35,40
Gene_438,691,711,716,721,697,668,688,697,708,714
Gene_439,487,485,478,490,485,472,484,504,460,491
Gene_440,39,42,41,26,33,27,39,38,26,39
Gene_441,31,28,34,35,36,38,40,26,31,32
Gene_442,1705,1770,1761,1717,1686,1750,1663,1744,1820,1752
Gene_443,188,483,180,217,189,190,203,173,175,187
Gene_444,203,201,195,217,197,182,189,197,201,183
Gene_445,667,679,668,688,678,662,648,658,688,634
Gene_446,1206,1178,1231,1195,1225,1126,1233,1169,1162,1158
Gene_447,1627,1693,1744,1715,1696,1619,1683,1677,1779,1710
Gene_448,598,548,574,585,550,557,595,537,576,565
Gene_449,189,187,207,205,207,173,187,172,158,173
Gene_450,150,32,39,30,171,45,40,37,35,34
Gene_451,592,602,583,596,618,573,601,657,585,652
Gene_452,377,342,323,314,349,357,304,328,324,335
Gene_453,222,186,213,221,224,213,242,239,213,208
Gene_454,976,916,963,971,974,958,927,966,960,942
Gene_455,50,60,52,46,48,48,49,51,43,47
Gene_456,266,261,273,261,301,275,271,260,266,240
Gene_457,7,5,5,5,5,7,4,3,4,6
Gene_458,238,253,277,241,237,245,245,253,266,244
Gene_459,30,28,31,26,17,16,30,20,28,22
Gene_460,42,66,44,54,52,64,54,64,46,61
Gene_461,52,63,43,54,58,44,57,49,56,38
Gene_462,447,422,430,450,418,405,423,410,435,403
Gene_463,549,531,2684,534,529,543,587,560,502,562
Gene_464,346,340,394,368,347,382,328,340,319,360
Gene_465,1328,1348,1289,1263,1295,1243,1245,1276,1317,1324
Gene_466,173,191,226,194,189,200,173,196,179,179
Gene_467,132,131,142,146,127,128,147,125,122,130
Gene_468,814,832,814,838,775,824,820,826,874,794
Gene_469,116,82,89,90,107,101,94,100,102,110
Gene_470,1346,1270,1320,1309,1356,1359,1270,1263,1308,1341
Gene_471,8,6,2,3,7,2,5,7,3,2
Gene_472,1400,1475,1354,6736,1383,1420,1376,1386,1364,1354
Gene_473,15,18,11,12,16,20,12,19,22,21
Gene_474,906,949,932,867,894,843,902,882,868,900
Gene_475,274,310,322,261,316,282,298,303,325,289
Gene_476,1928,1943,1961,1901,1970,2018,2007,2023,1958,1953
Gene_477,30,44,24,30,35,34,30,30,37,33
Gene_478,331,348,346,319,305,341,362,326,334,301
Gene_479,1377,1314,1405,1454,1440,1401,1337,1323,1369,1365
Gene_480,295,261,304,320,305,287,284,285,306,314
Gene_481,405,367,415,390,1220,369,406,376,378,398
Gene_482,487,441,467,484,481,457,464,444,499,498
Gene_483,251,222,270,238,251,242,253,227,276,260
Gene_484,1172,415,392,416,390,360,357,376,410,406
Gene_485,335,379,308,364,347,395,377,336,366,370
Gene_486,905,901,918,880,918,908,875,955,931,950
Gene_487,21,16,15,17,20,13,22,13,15,20
Gene_488,125,689,119,144,153,127,141,110,120,116
Gene_489,1217,1223,1234,1209,1169,1162,1168,1185,1180,1206
Gene_490,923,907,841,852,881,907,842,853,930,867
Gene_491,257,224,252,248,266,206,251,259,231,230
Gene_492,373,367,381,375,421,396,396,359,402,422
Gene_493,136,143,164,141,129,130,138,132,140,131
Gene_494,70,89,80,79,92,73,92,77,72,82
Gene_495,247,270,253,267,219,241,243,233,240,258
Gene_496,176,172,160,158,159,170,171,169,153,192
Gene_497,346,359,359,380,346,343,347,354,362,343
Gene_498,28,25,25,27,26,37,27,34,23,32
Gene_499,1442,1475,1476,1479,1430,1541,1472,1433,1482,1457
Gene_500,1746,8150,1756,1677,1754,1672,1729,1695,1776,1676
Gene_501,494,482,505,461,479,485,477,467,524,499
Gene_502,326,317,300,305,274,340,280,312,316,305
Gene_503,164,142,150,157,150,133,142,138,153,152
Gene_504,688,643,656,684,680,672,678,671,680,672
Gene_505,428,446,472,466,432,462,454,461,439,462
Gene_506,66,64,79,86,68,66,74,83,77,75
Gene_507,948,1000,913,952,968,949,951,943,953,1024
Gene_508,711,711,677,739,733,671,714,702,744,724
Gene_509,1250,1274,1278,1141,1200,1262,1166,1344,1198,1202
Gene_510,529,518,493,517,515,522,499,486,509,531
Gene_511,408,381,366,51,376,387,397,384,389,376
Gene_512,191,40,224,222,217,206,233,200,205,212
Gene_513,1110,1068,1050,1089,1064,1088,1055,1088,1075,1057
Gene_514,839,796,788,765,864,803,840,801,806,746
Gene_515,2,23,13,17,23,18,18,24,15,10
Gene_516,12,9,14,10,13,5,15,8,9,11
Gene_517,208,196,181,197,176,218,180,212,205,192
Gene_518,667,617,684,651,654,707,701,648,685,688
Gene_519,1723,1709,1765,1798,1739,1743,1765,1714,1780,1716
Gene_520,72,76,80,67,60,74,70,67,81,62
Gene_521,388,373,353,356,338,322,345,367,365,402
Gene_522,196,203,203,202,185,194,198,172,158,204
Gene_523,146,1355,1452,1346,1426,1355,1444,1403,1453,1358
Gene_524,716,774,749,713,769,712,763,767,732,717
Gene_525,689,725,728,727,720,776,753,718,717,699
Gene_526,252,263,247,263,266,264,231,273,263,266
Gene_527,247,204,211,220,192,208,202,210,218,232
Gene_528,136,110,145,121,138,125,111,121,130,115
Gene_529,25,18,23,22,21,31,28,19,21,20
Gene_530,779,825,758,769,800,780,814,785,769,838
Gene_531,668,643,676,606,641,726,710,663,663,714
Gene_532,3198,3260,3291,3189,3278,3248,3400,3220,3272,3308
Gene_533,2275,2338,2323,2336,2234,2278,2196,2251,2252,2318
Gene_534,330,346,311,308,337,303,332,310,302,329
Gene_535,564,550,584,587,577,625,568,567,609,554
Gene_536,1129,1161,1208,1159,1154,1187,1160,1132,1161,1161
Gene_537,718,750,196,719,781,749,742,786,736,748
Gene_538,124,116,114,105,116,112,122,107,127,111
Gene_539,240,228,233,246,235,230,222,225,229,228
Gene_540,69,60,53,10,59,55,56,76,59,57
Gene_541,1174,1237,1237,1096,1154,1254,1190,1268,1254,1263
Gene_542,345,370,362,345,358,402,404,383,387,337
Gene_543,104,102,106,98,112,98,97,106,106,96
Gene_544,445,485,455,448,410,462,433,483,481,440
Gene_545,372,394,436,395,368,360,397,379,414,370
Gene_546,174,175,158,180,180,199,158,175,171,158
Gene_547,59,44,48,53,41,55,47,49,43,40
Gene_548,452,422,439,473,443,471,458,441,445,425
Gene_549,312,300,293,298,314,264,283,288,287,269
Gene_550,601,629,637,602,607,602,582,547,567,542
Gene_551,281,291,301,276,303,294,298,301,296,290
Gene_552,773,765,710,170,795,773,688,752,809,780
Gene_553,296,308,322,320,336,325,333,342,320,334
Gene_554,327,315,277,324,354,342,324,313,303,310
Gene_555,798,789,837,826,850,832,905,861,834,829
Gene_556,218,207,189,186,201,171,195,194,209,201
Gene_557,44,52,55,15,74,46,63,56,60,65
Gene_558,14,6,11,19,5,7,10,19,8,9
Gene_559,569,562,195,536,586,563,569,595,549,555
Gene_560,395,397,389,388,386,390,418,361,368,397
Gene_561,494,523,507,468,482,475,473,488,492,444
Gene_562,102,83,90,90,100,111,83,89,94,81
Gene_563,70,62,56,62,60,47,43,68,54,71
Gene_564,2,5,11,6,7,7,5,2,6,6
Gene_565,170,171,178,171,182,168,171,160,178,176
Gene_566,356,360,369,358,366,333,333,338,352,372
Gene_567,165,217,210,203,197,196,195,188,180,211
Gene_568,233,227,200,206,212,233,242,238,216,252
Gene_569,959,966,915,981,913,970,963,957,922,941
Gene_570,186,148,185,191,179,180,171,181,145,175
Gene_571,285,284,299,278,294,254,272,279,270,274
Gene_572,596,625,664,646,591,613,585,603,563,636
Gene_573,215,203,65,205,203,205,201,215,197,173
Gene_574,408,374,371,391,380,363,423,396,406,399
Gene_575,788,815,787,819,785,762,770,741,768,795
Gene_576,1203,1163,1228,1250,1191,1208,1156,1190,1255,1255
Gene_577,66,48,63,71,53,53,78,45,63,73
Gene_578,1063,1079,1001,989,996,1041,1013,1025,1034,1001
Gene_579,253,269,260,277,250,264,258,270,264,270
Gene_580,106,143,112,114,114,131,107,118,125,123
Gene_581,239,241,257,261,252,230,239,233,268,275
Gene_582,1581,1547,1579,1581,1554,1530,1541,1617,1554,1591
Gene_583,241,288,270,271,271,280,263,273,284,288
Gene_584,152,167,167,146,162,149,163,154,165,159
Gene_585,407,43,382,414,360,377,370,378,395,400
Gene_586,108,115,121,101,112,106,100,124,102,117
Gene_587,24,12,26,32,39,30,42,28,26,33
Gene_588,75,55,61,59,53,59,52,43,50,66
Gene_589,36,51,60,45,46,46,51,58,46,58
Gene_590,63,70,74,62,75,59,53,69,64,64
Gene_591,59,54,18,64,71,64,60,63,55,64
Gene_592,440,410,372,420,415,371,397,428,410,404
Gene_593,102,84,29,86,83,93,75,74,84,73
Gene_594,188,173,190,181,161,156,187,171,176,158
Gene_595,899,932,908,902,906,963,861,895,885,926
Gene_596,249,278,258,286,249,269,270,275,240,268
Gene_597,416,434,431,421,410,400,386,443,468,475
Gene_598,77,73,70,69,70,74,82,62,76,86
Gene_599,96,86,81,95,95,92,83,71,82,95
Gene_600,14,17,14,14,16,14,20,16,10,24
Gene_601,65,72,72,73,62,85,73,73,91,65
Gene_602,43,144,119,137,120,128,118,137,124,119
Gene_603,74,83,74,62,83,76,69,83,79,78
Gene_604,29,41,37,35,39,37,29,43,38,35
Gene_605,54,56,48,58,48,53,53,52,50,57
Gene_606,243,260,246,222,248,229,255,237,257,270
Gene_607,106,75,100,77,92,93,102,92,97,96
Gene_608,184,175,175,170,166,169,167,171,187,165
Gene_609,264,285,282,310,264,282,285,290,252,277
Gene_610,472,488,455,458,488,452,454,459,516,470
Gene_611,19,18,16,17,10,25,13,19,10,20
Gene_612,675,655,655,585,628,643,648,693,620,656
Gene_613,414,440,363,417,408,377,405,408,401,394
Gene_614,40,29,36,34,30,32,37,34,39,36
Gene_615,793,256,780,811,777,834,861,840,853,881
Gene_616,1055,1026,997,201,981,974,979,942,966,992
Gene_617,23,25,21,32,25,25,29,24,30,32
Gene_618,119,149,15,121,135,110,147,100,136,118
Gene_619,648,634,650,616,657,660,661,680,649,692
Gene_620,551,570,554,544,555,554,537,539,557,554
Gene_621,79,95,84,71,65,74,78,81,101,95
Gene_622,102,90,98,92,86,95,78,91,93,104
Gene_623,218,185,197,184,180,186,168,179,179,197
Gene_624,241,295,256,245,292,255,312,245,256,249
Gene_625,382,416,404,387,388,375,390,395,382,384
Gene_626,204,199,178,180,185,181,186,168,168,174
Gene_627,270,237,251,238,233,243,239,234,251,257
Gene_628,551,529,511,515,544,569,549,591,568,557
Gene_629,22,11,11,5,18,19,16,17,15,11
Gene_630,116,122,95,157,99,108,120,111,113,133
Gene_631,515,501,500,529,502,478,502,495,512,487
Gene_632,864,847,216,962,840,945,871,902,906,943
Gene_633,280,278,292,294,289,258,289,295,293,308
Gene_634,292,304,301,290,277,312,338,302,303,315
Gene_635,62,35,53,46,43,46,50,35,50,47
Gene_636,254,235,254,234,276,223,238,263,237,239
Gene_637,324,324,83,302,49,318,295,335,321,333
Gene_638,98,94,110,138,106,122,118,112,104,113
Gene_639,135,113,130,141,142,146,131,110,114,111
Gene_640,201,184,177,177,194,202,210,184,179,167
Gene_641,6,2,12,5,6,8,4,2,6,7
Gene_642,150,137,130,153,154,149,157,141,141,155
Gene_643,96,93,92,102,84,100,85,105,91,99
Gene_644,136,143,155,157,171,179,152,137,138,167
Gene_645,58,48,59,51,58,33,33,42,48,56
Gene_646,818,901,893,908,856,908,867,844,968,934
Gene_647,355,336,362,386,368,338,352,378,373,338
Gene_648,437,440,430,437,474,459,447,492,466,458
Gene_649,616,653,625,627,247,591,626,598,562,651
Gene_650,267,273,285,282,284,266,283,273,305,258
Gene_651,31,31,29,43,38,31,23,30,35,36
Gene_652,301,312,291,320,315,309,309,313,324,308
Gene_653,328,81,372,348,334,354,328,342,318,364
Gene_654,547,602,573,570,528,558,533,552,566,538
Gene_655,230,43,237,216,220,239,222,261,237,236
Gene_656,41,64,12,58,52,55,56,51,64,42
Gene_657,42,128,141,24,130,154,143,114,124,136
Gene_658,195,193,184,194,175,188,201,202,161,173
Gene_659,418,403,407,388,455,363,393,397,360,422
Gene_660,316,310,334,342,370,328,319,338,323,347
Gene_661,167,193,157,201,177,179,176,168,175,164
Gene_662,1696,1624,1673,429,1747,1741,1790,1673,1757,1664
Gene_663,380,404,334,370,364,376,375,348,364,388
Gene_664,116,90,104,105,114,102,95,107,112,109
Gene_665,28,46,61,36,39,32,50,39,50,40
Gene_666,71,53,62,68,79,68,66,72,71,57
Gene_667,125,108,105,89,117,123,108,138,103,101
Gene_668,63,76,71,55,9,77,57,83,76,65
Gene_669,78,74,80,86,87,74,77,84,78,77
Gene_670,129,123,144,138,138,141,143,120,154,151
Gene_671,86,62,88,70,87,88,83,68,75,72
Gene_672,936,901,914,870,874,955,889,883,949,963
Gene_673,32,5,31,35,27,32,25,34,30,36
Gene_674,291,305,280,279,311,309,315,306,327,272
Gene_675,188,224,224,222,224,225,236,216,207,204
Gene_676,1615,1592,1619,1605,1581,1620,1590,1652,1605,1647
Gene_677,50,34,46,43,50,37,38,48,51,44
Gene_678,73,214,210,214,206,179,207,198,201,197
Gene_679,1481,1347,285,1388,1398,1438,1377,1377,1420,1395
Gene_680,785,786,771,762,800,826,836,778,825,841
Gene_681,702,690,690,661,695,693,666,704,692,681
Gene_682,94,114,115,118,112,114,124,134,122,112
Gene_683,96,87,82,83,81,75,89,87,81,82
Gene_684,438,455,439,432,435,473,449,430,447,451
Gene_685,1030,1113,1048,1069,1033,1091,1112,1081,1011,1107
Gene_686,319,332,346,316,333,316,303,339,325,288
Gene_687,354,347,340,348,333,362,334,310,305,345
Gene_688,143,130,136,135,135,163,129,109,152,123
Gene_689,565,561,591,570,580,574,582,622,618,575
Gene_690,82,74,69,70,96,71,78,84,93,82
Gene_691,145,162,168,167,141,180,185,158,161,142
Gene_692,226,253,224,60,239,227,229,233,231,207
Gene_693,262,280,241,288,304,277,282,304,276,271
Gene_694,119,101,117,116,100,110,102,113,102,122
Gene_695,52,54,50,48,53,52,52,39,46,51
Gene_696,390,403,372,314,399,366,365,397,361,331
Gene_697,153,124,120,121,149,120,121,134,143,137
Gene_698,341,84,382,344,375,335,362,349,347,352
Gene_699,55,69,71,57,84,68,62,67,81,60
Gene_700,251,274,236,267,249,258,259,266,253,237
Gene_701,296,306,310,299,302,287,301,319,330,324
Gene_702,15,24,18,19,16,17,13,17,17,33
Gene_703,164,185,176,166,156,171,198,141,166,148
Gene_704,10,58,58,54,71,58,69,49,55,53
Gene_705,29,19,33,27,24,26,21,16,34,19
Gene_706,1877,1896,1883,1824,1844,1833,1761,1839,1826,1843
Gene_707,156,164,139,162,160,152,157,144,171,155
Gene_708,630,620,647,663,194,694,648,676,724,664
Gene_709,127,109,119,110,138,120,133,130,132,112
Gene_710,428,455,459,461,473,479,450,483,441,424
Gene_711,591,62,576,528,558,595,546,554,601,593
Gene_712,354,56,338,374,377,357,363,356,357,344
Gene_713,274,253,252,256,277,239,257,228,271,261
Gene_714,234,204,219,216,221,203,210,192,212,219
Gene_715,183,170,172,198,156,192,167,167,165,166
Gene_716,1051,1123,1042,1043,127,1065,1058,1094,999,1060
Gene_717,659,243,694,736,696,692,702,722,740,700
Gene_718,1313,1326,1417,1319,1309,1359,1320,1364,1389,1336
Gene_719,59,58,48,49,67,44,68,67,54,64
Gene_720,573,200,573,495,532,507,536,546,462,533
Gene_721,1205,1208,1139,1051,1157,1060,1150,1080,1149,1118
Gene_722,76,79,70,93,20,94,90,91,93,83
Gene_723,22,19,24,25,27,24,28,27,27,30
Gene_724,549,520,531,548,562,522,547,576,557,556
Gene_725,346,363,329,349,353,354,362,355,345,337
Gene_726,765,669,698,737,772,760,688,785,716,696
Gene_727,58,74,69,48,60,68,64,66,68,55
Gene_728,88,597,636,589,631,624,646,607,620,659
Gene_729,106,84,108,81,89,104,87,85,91,85
Gene_730,71,69,78,79,70,82,66,71,74,92
Gene_731,77,75,78,68,73,74,85,52,70,75
Gene_732,643,595,692,678,649,657,697,648,658,692
Gene_733,446,446,463,408,464,443,405,461,436,474
Gene_734,298,302,253,295,305,307,305,287,313,282
Gene_735,44,159,140,158,163,193,161,187,186,183
Gene_736,788,803,847,792,828,851,844,832,918,806
Gene_737,213,161,180,158,215,198,196,203,189,219
Gene_738,682,692,721,691,718,669,664,677,631,691
Gene_739,194,224,232,89,242,201,224,244,211,226
Gene_740,187,203,190,202,160,199,194,185,200,177
Gene_741,267,250,227,34,254,240,253,265,266,263
Gene_742,175,131,138,145,144,133,144,148,138,138
Gene_743,555,542,573,570,567,535,542,534,577,573
Gene_744,276,268,279,294,319,271,274,267,267,243
Gene_745,87,106,112,79,109,112,108,97,99,113
Gene_746,947,937,895,929,929,919,908,933,934,901
Gene_747,205,162,199,218,203,197,208,189,190,208
Gene_748,312,305,309,347,335,327,341,291,325,309
Gene_749,924,995,952,932,934,927,995,1001,1005,974
Gene_750,401,412,386,406,391,389,382,377,366,378
Gene_751,51,40,60,53,12,39,61,50,52,56
Gene_752,1124,1094,1132,1094,1114,1128,1151,1055,1131,1132
Gene_753,431,416,435,383,390,407,373,421,403,388
Gene_754,168,179,164,174,158,162,162,162,159,158
Gene_755,20,62,64,47,64,51,43,56,54,60
Gene_756,649,642,638,627,653,656,669,633,638,628
Gene_757,383,392,386,58,386,379,358,412,400,404
Gene_758,304,252,298,304,294,326,324,316,298,293
Gene_759,856,908,900,851,941,892,876,864,948,960
Gene_760,146,598,546,674,619,607,643,639,626,665
Gene_761,72,76,69,62,49,72,70,52,79,70
Gene_762,146,21,150,169,148,155,154,122,145,112
Gene_763,132,106,126,114,110,80,110,108,103,109
Gene_764,550,584,521,520,547,537,517,494,551,544
Gene_765,17,7,11,15,17,20,19,14,10,17
Gene_766,341,310,321,329,339,330,313,356,350,302
Gene_767,586,583,556,588,536,599,583,594,583,587
Gene_768,809,882,271,831,884,811,843,857,856,838
Gene_769,148,147,161,165,158,177,158,143,149,189
Gene_770,666,675,688,656,672,684,681,726,687,708
Gene_771,28,54,48,40,48,39,42,58,46,56
Gene_772,784,743,714,774,743,781,760,742,809,761
Gene_773,71,50,53,15,60,34,65,52,42,53
Gene_774,58,183,214,196,208,207,209,205,198,194
Gene_775,640,669,646,613,638,644,648,649,644,667
Gene_776,60,51,67,72,53,77,68,60,49,61
Gene_777,119,103,94,109,100,109,125,85,100,94
Gene_778,532,503,489,502,551,531,496,522,493,458
Gene_779,509,515,507,507,548,527,484,512,536,508
Gene_780,415,400,393,386,411,434,442,406,439,421
Gene_781,463,463,472,431,494,466,433,466,474,476
Gene_782,58,316,333,321,300,275,291,310,319,334
Gene_783,116,137,106,108,116,82,101,105,109,108
Gene_784,183,174,171,42,154,160,180,145,158,155
Gene_785,76,88,80,89,92,88,72,104,72,85
Gene_786,982,983,998,919,998,931,948,971,981,1018
Gene_787,328,104,375,366,330,347,378,333,370,342
Gene_788,206,213,201,210,203,222,210,191,210,208
Gene_789,245,238,257,253,263,240,246,225,224,251
Gene_790,156,1157,1165,1214,1248,1153,1185,1164,1178,1171
Gene_791,67,62,68,61,59,52,72,74,51,71
Gene_792,342,334,358,311,326,323,336,357,360,364
Gene_793,268,271,280,276,266,275,264,278,303,295
Gene_794,361,344,396,410,350,355,385,383,406,376
Gene_795,12,10,9,8,8,10,4,7,8,3
Gene_796,814,853,779,796,795,833,821,831,762,799
Gene_797,1091,1043,1048,1071,1107,1098,1066,1133,1063,1062
Gene_798,335,320,350,320,316,376,314,326,346,298
Gene_799,453,459,485,522,489,486,539,481,465,503
Gene_800,1031,980,981,1065,1028,1020,1008,1028,1014,1018
Gene_801,436,507,492,482,507,531,490,465,531,473
Gene_802,69,43,59,57,63,61,64,60,64,56
Gene_803,355,374,325,328,333,374,317,346,333,319
Gene_804,344,371,375,375,370,384,354,373,377,360
Gene_805,221,231,216,193,238,200,204,205,239,201
Gene_806,577,511,564,565,549,587,534,583,528,521
Gene_807,1109,1078,1122,1198,1072,1040,1111,1116,1039,1082
Gene_808,1036,1080,1016,990,1082,1041,1039,1029,1063,1030
Gene_809,249,250,253,243,217,219,246,229,240,209
Gene_810,57,50,11,47,52,50,55,42,40,57
Gene_811,1716,1637,1709,1672,1612,1634,1641,1673,1693,1670
Gene_812,718,704,735,760,751,663,737,716,717,753
Gene_813,58,56,49,55,52,50,51,47,51,38
Gene_814,1020,1033,1031,1020,994,1068,1004,985,970,976
Gene_815,815,849,791,884,873,847,815,811,807,823
Gene_816,273,291,300,284,310,314,314,288,283,280
Gene_817,371,372,359,91,335,378,339,360,364,360
Gene_818,192,215,220,208,192,197,197,209,215,230
Gene_819,27,25,24,18,19,16,31,31,23,18
Gene_820,201,172,168,156,153,177,180,167,159,161
Gene_821,650,663,655,672,640,629,685,612,621,694
Gene_822,0,5,2,2,0,2,3,6,3,3
Gene_823,174,171,164,151,162,164,182,145,152,147
Gene_824,199,175,193,200,211,202,201,237,227,199
Gene_825,331,292,274,71,310,278,330,321,338,308
Gene_826,992,1023,1036,990,1020,986,1033,1042,1018,964
Gene_827,187,169,188,158,174,176,193,194,164,166
Gene_828,183,165,161,172,158,148,154,167,163,151
Gene_829,543,567,550,549,200,565,486,556,510,535
Gene_830,206,262,265,231,232,252,228,249,241,249
Gene_831,95,97,101,107,30,92,99,116,109,86
Gene_832,234,241,275,227,257,240,224,268,250,234
Gene_833,57,49,55,55,67,72,59,50,54,78
Gene_834,75,70,77,87,94,76,89,92,64,77
Gene_835,291,269,268,41,262,257,277,272,271,309
Gene_836,214,206,240,228,202,244,212,207,201,232
Gene_837,970,207,946,976,121,981,972,1009,996,918
Gene_838,175,185,189,168,47,186,178,181,179,154
Gene_839,355,380,66,366,370,340,345,355,363,357
Gene_840,408,448,391,390,407,362,420,408,427,428
Gene_841,4,0,7,7,3,7,5,8,3,3
Gene_842,432,83,430,415,417,411,421,450,411,418
Gene_843,62,72,71,70,76,86,88,74,80,88
Gene_844,332,1364,1276,1257,1307,1262,1302,1339,1318,1278
Gene_845,70,60,65,72,52,66,56,90,60,59
Gene_846,211,222,199,213,208,224,228,215,211,230
Gene_847,34,39,29,34,34,31,35,35,35,38
Gene_848,2263,2398,2313,245,2347,2352,2394,2337,2413,2320
Gene_849,267,267,241,285,308,290,265,324,301,255
Gene_850,368,365,380,343,361,404,342,348,373,386
Gene_851,24,32,23,16,26,24,25,32,31,28
Gene_852,561,548,551,526,573,561,561,550,549,526
Gene_853,98,91,106,99,111,84,84,85,82,87
Gene_854,890,857,939,891,914,905,941,914,959,864
Gene_855,98,92,94,75,85,100,110,86,110,100
Gene_856,79,74,101,104,80,79,88,72,91,88
Gene_857,16,14,16,12,14,16,15,11,13,11
Gene_858,290,263,277,260,283,263,268,228,227,248
Gene_859,346,317,342,340,331,338,308,337,368,336
Gene_860,22,27,17,27,29,25,30,28,23,27
Gene_861,612,571,614,582,559,618,558,565,589,607
Gene_862,237,244,57,247,240,230,207,249,253,252
Gene_863,301,286,311,307,288,285,324,296,314,289
Gene_864,230,211,212,253,257,203,222,249,239,232
Gene_865,201,225,200,217,212,205,209,229,189,225
Gene_866,310,329,349,338,303,321,344,330,337,367
Gene_867,54,67,17,65,55,66,64,84,56,90
Gene_868,95,76,16,86,19,90,76,76,76,88
Gene_869,771,849,731,798,756,791,778,743,815,793
Gene_870,1191,1185,1112,1119,1181,1168,1170,1169,1195,1184
Gene_871,190,199,157,191,50,174,197,186,205,176
Gene_872,131,130,120,123,122,117,119,129,127,131
Gene_873,426,415,421,429,396,422,400,407,402,422
Gene_874,196,210,192,197,235,221,221,242,202,196
Gene_875,13,9,11,7,8,11,6,5,10,11
Gene_876,61,58,69,86,71,56,77,61,62,71
Gene_877,488,506,488,534,486,466,514,459,474,495
Gene_878,389,418,421,423,421,462,429,442,457,422
Gene_879,13,9,12,5,14,14,14,10,11,13
Gene_880,105,30,89,106,17,90,100,108,106,90
Gene_881,115,93,104,107,93,113,108,107,101,106
Gene_882,486,446,459,432,437,467,455,437,438,441
Gene_883,9,10,5,9,6,3,6,10,11,6
Gene_884,39,10,39,39,34,49,55,44,44,48
Gene_885,681,659,633,684,670,684,647,679,670,656
Gene_886,87,63,83,63,71,66,73,77,76,87
Gene_887,431,420,386,399,378,460,405,395,439,428
Gene_888,42,103,107,116,116,113,104,96,117,98
Gene_889,41,9,41,55,45,34,41,30,44,39
Gene_890,132,104,118,105,132,110,117,114,100,104
Gene_891,536,477,498,503,490,518,544,502,507,504
Gene_892,770,767,759,780,810,776,753,794,759,780
Gene_893,693,750,673,708,715,711,717,694,694,655
Gene_894,172,181,195,175,193,222,185,198,202,200
Gene_895,479,449,450,455,445,467,427,420,423,422
Gene_896,100,89,75,98,74,100,122,94,86,104
Gene_897,144,126,145,136,132,129,143,143,146,145
Gene_898,872,871,872,898,867,897,891,891,908,913
Gene_899,5,8,3,5,9,4,4,6,5,6
Gene_900,27,38,34,34,37,36,31,39,30,37
Gene_901,88,103,14,87,101,87,105,90,100,98
Gene_902,11,11,13,9,10,9,16,21,13,14
Gene_903,76,95,90,87,84,73,84,62,86,91
Gene_904,370,331,354,352,379,359,328,363,366,336
Gene_905,210,227,192,208,210,261,197,222,233,238
Gene_906,963,912,903,907,889,891,900,874,910,841
Gene_907,669,738,684,676,680,706,697,673,702,669
Gene_908,148,148,154,182,158,184,170,154,163,169
Gene_909,122,126,107,114,101,125,119,126,111,108
Gene_910,177,211,206,166,216,187,188,194,175,202
Gene_911,367,343,342,361,348,373,403,367,374,350
Gene_912,139,122,117,119,16,139,143,136,136,133
Gene_913,388,405,376,379,423,416,399,395,413,392
Gene_914,194,193,201,222,198,203,208,181,188,203
Gene_915,302,324,319,334,321,346,361,341,331,313
Gene_916,216,227,213,225,213,235,264,227,244,227
Gene_917,126,137,26,140,128,116,124,117,137,157
Gene_918,1209,1218,1157,1200,1171,1184,1159,1165,1206,1232
Gene_919,578,578,584,590,623,550,600,554,580,611
Gene_920,47,58,63,62,60,73,66,53,62,62
Gene_921,780,833,758,813,819,813,776,807,768,807
Gene_922,254,252,257,278,262,275,279,256,285,273
Gene_923,856,860,866,864,943,896,874,887,890,920
Gene_924,645,679,636,693,597,654,597,658,650,623
Gene_925,77,232,219,221,209,215,207,216,242,216
Gene_926,11,9,10,9,6,13,17,12,9,9
Gene_927,125,113,138,130,146,127,121,124,109,149
Gene_928,335,299,298,288,66,299,297,283,306,304
Gene_929,403,366,414,365,424,361,404,380,418,375
Gene_930,123,125,117,126,111,124,111,119,127,112
Gene_931,56,65,60,61,12,64,65,82,52,57
Gene_932,736,700,756,762,759,702,697,694,728,690
Gene_933,1652,1625,1626,195,1631,1648,1639,1644,1585,1672
Gene_934,282,295,291,316,278,308,298,298,300,294
Gene_935,73,78,65,77,71,89,68,56,76,104
Gene_936,138,109,124,117,98,124,140,140,129,126
Gene_937,5,10,3,9,3,11,10,9,5,11
Gene_938,1004,1002,984,982,971,949,944,989,968,999
Gene_939,58,47,56,61,45,61,58,50,48,40
Gene_940,365,384,341,314,340,333,347,334,347,320
Gene_941,122,118,136,116,131,121,136,121,142,130
Gene_942,321,340,288,304,310,366,337,335,324,299
Gene_943,446,430,401,431,405,416,436,429,425,445
Gene_944,706,717,710,698,707,703,703,706,687,702
Gene_945,89,100,84,84,114,92,86,90,84,99
Gene_946,3,4,2,5,4,6,5,9,2,3
Gene_947,56,53,53,54,58,67,66,58,58,44
Gene_948,1012,955,958,941,859,905,946,916,917,930
Gene_949,841,809,820,798,855,850,812,810,794,831
Gene_950,357,376,376,362,350,318,341,365,348,370
Gene_951,370,361,346,382,359,384,339,393,329,352
Gene_952,419,468,433,449,437,448,480,460,419,394
Gene_953,74,66,76,66,77,67,66,76,80,78
Gene_954,971,271,973,987,1021,980,987,955,952,1019
Gene_955,227,207,231,215,233,227,223,238,196,211
Gene_956,202,218,201,185,177,190,206,175,182,191
Gene_957,277,315,321,288,315,293,293,290,297,280
Gene_958,19,21,21,24,21,20,21,21,21,20
Gene_959,81,65,81,77,68,70,69,86,68,67
Gene_960,539,552,547,540,538,584,541,527,536,559
Gene_961,39,34,35,38,33,32,36,34,26,28
Gene_962,387,380,365,389,374,408,374,342,364,334
Gene_963,123,120,114,104,120,116,126,120,143,100
Gene_964,180,173,231,196,219,190,217,178,208,217
Gene_965,140,151,143,129,126,137,136,142,129,130
Gene_966,60,157,171,168,149,191,166,197,170,164
Gene_967,540,537,546,503,500,515,532,497,492,514
Gene_968,160,117,133,127,135,123,122,139,113,157
Gene_969,339,337,358,312,345,300,318,339,322,348
Gene_970,282,259,263,289,75,244,293,250,241,267
Gene_971,444,448,392,453,436,409,446,456,416,414
Gene_972,1102,1078,1112,1093,1130,1139,1052,1077,1131,1174
Gene_973,512,545,533,518,558,579,536,522,502,548
Gene_974,12,96,38,93,88,106,91,103,108,96
Gene_975,9,10,12,10,12,10,7,11,12,16
Gene_976,139,114,108,140,123,129,144,111,125,110
Gene_977,342,388,366,343,381,372,358,356,361,348
Gene_978,24,23,19,27,20,19,25,15,24,16
Gene_979,292,283,245,272,75,299,294,287,283,278
Gene_980,381,383,361,361,387,358,388,349,372,359
Gene_981,170,169,153,189,168,173,174,152,156,150
Gene_982,638,608,573,549,561,586,614,619,596,568
Gene_983,41,44,48,39,51,46,35,34,48,45
Gene_984,25,37,36,39,32,37,32,37,29,24
Gene_985,501,513,556,510,539,525,506,533,513,531
Gene_986,262,274,250,289,287,272,276,274,263,257
Gene_987,488,502,446,464,438,483,468,447,438,472
Gene_988,240,228,228,221,218,247,237,246,220,248
Gene_989,96,108,130,114,119,122,110,106,116,124
Gene_990,674,667,717,685,659,686,730,718,664,697
Gene_991,623,632,611,631,593,646,635,625,658,623
Gene_992,463,487,484,480,479,445,476,489,501,495
Gene_993,143,126,113,134,142,125,120,135,120,137
Gene_994,377,387,323,350,337,359,388,374,400,380
Gene_995,169,177,192,35,155,172,180,182,179,157
Gene_996,27,51,39,41,27,37,43,41,34,41
Gene_997,193,999,974,1001,973,915,978,1040,1011,1007
Gene_998,53,53,55,65,67,68,67,70,63,62
Gene_999,1191,1253,1208,1205,1245,1170,1235,1196,1208,1228
Gene_1000,250,221,32,214,269,241,233,229,238,225
